Datetime,Water Level (m)
2025-04-14 18:00:00,-0.1486105
2025-04-14 19:00:00,0.029028766
2025-04-14 20:00:00,0.2702684
2025-04-14 21:00:00,0.5403357
2025-04-14 22:00:00,0.6314305
2025-04-14 23:00:00,0.49553776
2025-04-15 00:00:00,0.32326978
2025-04-15 01:00:00,0.11182881
2025-04-15 02:00:00,-0.09218727
2025-04-15 03:00:00,-0.26501665
2025-04-15 04:00:00,-0.43316373
2025-04-15 05:00:00,-0.576514
2025-04-15 06:00:00,-0.3444328
2025-04-15 07:00:00,-0.0093810465
2025-04-15 08:00:00,0.3017322
2025-04-15 09:00:00,0.6632472
2025-04-15 10:00:00,0.9027237
2025-04-15 11:00:00,0.808799
2025-04-15 12:00:00,0.6096931
2025-04-15 13:00:00,0.38279507
2025-04-15 14:00:00,0.15442742
2025-04-15 15:00:00,-0.039754927
2025-04-15 16:00:00,-0.20289087
2025-04-15 17:00:00,-0.37465027
2025-04-15 18:00:00,-0.39148447
2025-04-15 19:00:00,-0.088870116
2025-04-15 20:00:00,0.14250064
2025-04-15 21:00:00,0.42108783
2025-04-15 22:00:00,0.6662781
2025-04-15 23:00:00,0.5851873
2025-04-16 00:00:00,0.3967609
2025-04-16 01:00:00,0.21740997
2025-04-16 02:00:00,0.008523165
2025-04-16 03:00:00,-0.16612588
2025-04-16 04:00:00,-0.33197945
2025-04-16 05:00:00,-0.489837
2025-04-16 06:00:00,-0.4667166
2025-04-16 07:00:00,-0.13680202
2025-04-16 08:00:00,0.13720395
2025-04-16 09:00:00,0.47573805
2025-04-16 10:00:00,0.84917176
2025-04-16 11:00:00,0.9138703
2025-04-16 12:00:00,0.77388
2025-04-16 13:00:00,0.53837377
2025-04-16 14:00:00,0.29105407
2025-04-16 15:00:00,0.07907024
2025-04-16 16:00:00,-0.09106366
2025-04-16 17:00:00,-0.257224
2025-04-16 18:00:00,-0.38699335
2025-04-16 19:00:00,-0.2326751
2025-04-16 20:00:00,0.015857195
2025-04-16 21:00:00,0.24541521
2025-04-16 22:00:00,0.4967957
2025-04-16 23:00:00,0.5862616
2025-04-17 00:00:00,0.43550226
2025-04-17 01:00:00,0.2733118
2025-04-17 02:00:00,0.08314407
2025-04-17 03:00:00,-0.104767755
2025-04-17 04:00:00,-0.26495996
2025-04-17 05:00:00,-0.41516727
2025-04-17 06:00:00,-0.50892067
2025-04-17 07:00:00,-0.2950041
2025-04-17 08:00:00,-0.019341433
2025-04-17 09:00:00,0.2825598
2025-04-17 10:00:00,0.6318629
2025-04-17 11:00:00,0.86798835
2025-04-17 12:00:00,0.8225562
2025-04-17 13:00:00,0.6330732
2025-04-17 14:00:00,0.4104551
2025-04-17 15:00:00,0.19560213
2025-04-17 16:00:00,0.017412838
2025-04-17 17:00:00,-0.1272071
2025-04-17 18:00:00,-0.2796048
2025-04-17 19:00:00,-0.30156866
2025-04-17 20:00:00,-0.11409861
2025-04-17 21:00:00,0.06899342
2025-04-17 22:00:00,0.28458124
2025-04-17 23:00:00,0.4822416
2025-04-18 00:00:00,0.44252363
2025-04-18 01:00:00,0.29071692
2025-04-18 02:00:00,0.14056687
2025-04-18 03:00:00,-0.037546206
2025-04-18 04:00:00,-0.20130916
2025-04-18 05:00:00,-0.3483267
2025-04-18 06:00:00,-0.47387728
2025-04-18 07:00:00,-0.40792796
2025-04-18 08:00:00,-0.15447628
2025-04-18 09:00:00,0.09565155
2025-04-18 10:00:00,0.43080765
2025-04-18 11:00:00,0.8043926
2025-04-18 12:00:00,0.89241475
2025-04-18 13:00:00,0.7899199
2025-04-18 14:00:00,0.5496996
2025-04-18 15:00:00,0.30454475
2025-04-18 16:00:00,0.106788896
2025-04-18 17:00:00,-0.04490121
2025-04-18 18:00:00,-0.179563
2025-04-18 19:00:00,-0.30810082
2025-04-18 20:00:00,-0.3010037
2025-04-18 21:00:00,-0.14134072
2025-04-18 22:00:00,0.046333533
2025-04-18 23:00:00,0.25667158
2025-04-19 00:00:00,0.40324894
2025-04-19 01:00:00,0.35909325
2025-04-19 02:00:00,0.2183959
2025-04-19 03:00:00,0.06635617
2025-04-19 04:00:00,-0.09836994
2025-04-19 05:00:00,-0.24619605
2025-04-19 06:00:00,-0.37971628
2025-04-19 07:00:00,-0.4706132
2025-04-19 08:00:00,-0.3640755
2025-04-19 09:00:00,-0.1443435
2025-04-19 10:00:00,0.087678365
2025-04-19 11:00:00,0.37480924
2025-04-19 12:00:00,0.6610153
2025-04-19 13:00:00,0.7208983
2025-04-19 14:00:00,0.6445676
2025-04-19 15:00:00,0.4639694
2025-04-19 16:00:00,0.26842093
2025-04-19 17:00:00,0.079906195
2025-04-19 18:00:00,-0.061594345
2025-04-19 19:00:00,-0.18845986
2025-04-19 20:00:00,-0.27711746
2025-04-19 21:00:00,-0.24178775
2025-04-19 22:00:00,-0.10058888
2025-04-19 23:00:00,0.054579016
2025-04-20 00:00:00,0.24840972
2025-04-20 01:00:00,0.36081392
2025-04-20 02:00:00,0.319063
2025-04-20 03:00:00,0.21000676
2025-04-20 04:00:00,0.072516724
2025-04-20 05:00:00,-0.08049604
2025-04-20 06:00:00,-0.21636812
2025-04-20 07:00:00,-0.32126328
2025-04-20 08:00:00,-0.3680919
2025-04-20 09:00:00,-0.24089961
2025-04-20 10:00:00,-0.07595436
2025-04-20 11:00:00,0.1499649
2025-04-20 12:00:00,0.4300767
2025-04-20 13:00:00,0.65310806
2025-04-20 14:00:00,0.72190744
2025-04-20 15:00:00,0.6669355
2025-04-20 16:00:00,0.49385074
2025-04-20 17:00:00,0.29889306
2025-04-20 18:00:00,0.11551418
